url,label
https://raw.githubusercontent.com/cakirogl/flood/main/briarforest_1_after.png,one
https://raw.githubusercontent.com/cakirogl/flood/main/briarforest_1_before.png,zero
https://raw.githubusercontent.com/cakirogl/flood/main/briarforest_2_after.png,two
https://raw.githubusercontent.com/cakirogl/flood/main/briarforest_2_before.png,zero
https://raw.githubusercontent.com/cakirogl/flood/main/briarforest_3_after.png,three
https://raw.githubusercontent.com/cakirogl/flood/main/briarforest_3_before.png,zero
https://raw.githubusercontent.com/cakirogl/flood/main/channelview_1_after.png,one
https://raw.githubusercontent.com/cakirogl/flood/main/channelview_1_before.png,zero
https://raw.githubusercontent.com/cakirogl/flood/main/channelview_2_after.png,two
https://raw.githubusercontent.com/cakirogl/flood/main/channelview_2_before.png,zero
https://raw.githubusercontent.com/cakirogl/flood/main/channelview_3_after.png,three
https://raw.githubusercontent.com/cakirogl/flood/main/channelview_3_before.png,zero
https://raw.githubusercontent.com/cakirogl/flood/main/highlands_1_after.png,one
https://raw.githubusercontent.com/cakirogl/flood/main/highlands_1_before.png,zero
https://raw.githubusercontent.com/cakirogl/flood/main/highlands_2_after.png,two
https://raw.githubusercontent.com/cakirogl/flood/main/highlands_2_before.png,zero
https://raw.githubusercontent.com/cakirogl/flood/main/highlands_3_after.png,three
https://raw.githubusercontent.com/cakirogl/flood/main/highlands_3_before.png,zero
https://raw.githubusercontent.com/cakirogl/flood/main/houston_1_after.png,one
https://raw.githubusercontent.com/cakirogl/flood/main/houston_1_before.png,zero
https://raw.githubusercontent.com/cakirogl/flood/main/houston_2_after.png,two
https://raw.githubusercontent.com/cakirogl/flood/main/houston_2_before.png,zero
https://raw.githubusercontent.com/cakirogl/flood/main/houston_3_after.png,three
https://raw.githubusercontent.com/cakirogl/flood/main/houston_3_before.png,zero
https://raw.githubusercontent.com/cakirogl/flood/main/humble_1_after.png,one
https://raw.githubusercontent.com/cakirogl/flood/main/humble_1_before.png,zero
https://raw.githubusercontent.com/cakirogl/flood/main/humble_2_after.png,two
https://raw.githubusercontent.com/cakirogl/flood/main/humble_2_before.png,zero
https://raw.githubusercontent.com/cakirogl/flood/main/humble_3_after.png,three
https://raw.githubusercontent.com/cakirogl/flood/main/humble_3_before.png,zero
https://raw.githubusercontent.com/cakirogl/flood/main/kingwood_1_after.png,one
https://raw.githubusercontent.com/cakirogl/flood/main/kingwood_1_before.png,zero
https://raw.githubusercontent.com/cakirogl/flood/main/kingwood_2_after.png,two
https://raw.githubusercontent.com/cakirogl/flood/main/kingwood_2_before.png,zero
https://raw.githubusercontent.com/cakirogl/flood/main/kingwood_3_after.png,three
https://raw.githubusercontent.com/cakirogl/flood/main/kingwood_3_before.png,zero
